canonical_train_id,r3_sample_id,label,source,source_group_id,canonical_model_labels,canonical_cardinality,annotation_method,canonical_rationale,bucket,model_relation,core_support_state,aux_primary_support_state
PHQ-145,R3-019,optimism,PHQ,reddit:ukpddo,caring,1,gemini_adjudication,Stopping to ask how someone is doing demonstrates active concern and care for another person.,C,AGREE,NO_VALID_CORE_SUPPORT,DEFINED_OPPOSING_CATEGORY
PHQ-269,R3-042,optimism,PHQ,reddit:1akqpcp,amusement;excitement,2,gemini_adjudication,"The writer displays high-energy enthusiasm and a playful, humorous attitude about their own mood.",C,AGREE,CORE_SUPPORTS,SUPPORTS_CONSENSUS
PHQ-338,R3-055,disgust,PHQ,reddit:1v29ykr,sadness,1,gemini_adjudication,"The writer explicitly states that their low-paying, dead-end job makes them miserable.",C,AGREE,NO_VALID_CORE_SUPPORT,SUPPORTS_CONSENSUS
PHQ-364,R3-058,fear,PHQ,reddit:1rec523,curiosity,1,gemini_adjudication,The writer is asking a direct question to learn how to stop overthinking and taking things too seriously.,C,AGREE,NO_VALID_CORE_SUPPORT,UNDEFINED_OR_MIXED
PHQ-441,R3-068,anger,PHQ,reddit:oujz0e,disgust,1,gemini_adjudication,The writer explicitly states finding something disgusting and gross.,C,AGREE,NO_VALID_CORE_SUPPORT,DEFINED_OPPOSING_CATEGORY
PHQ-468,R3-072,amusement,PHQ,reddit:1lv8h0c,,0,gemini_adjudication,The text provides a factual description of a conversation without demonstrating clear emotional expression.,C,AGREE,NO_VALID_CORE_SUPPORT,DEFINED_OPPOSING_CATEGORY
PHQ-469,R3-073,curiosity,PHQ,reddit:1ue1vfy,love,1,gemini_adjudication,Describing an affectionate and intimate nightly routine with a partner expresses love.,C,AGREE,NO_VALID_CORE_SUPPORT,DEFINED_OPPOSING_CATEGORY
PHQ-506,R3-079,curiosity,PHQ,reddit:1ue1vfy,joy;love,2,gemini_adjudication,Describing intimate conversation with a partner as the favorite part of the day conveys both deep affection and joy.,C,AGREE,NO_VALID_CORE_SUPPORT,DEFINED_OPPOSING_CATEGORY
PHQ-542,R3-082,curiosity,PHQ,reddit:1ej90yx,amusement;joy,2,gemini_adjudication,The smiley face and laughter about a harmless spider express joy and amusement.,C,AGREE,NO_VALID_CORE_SUPPORT,DEFINED_OPPOSING_CATEGORY
PHQ-587,R3-088,fear,PHQ,reddit:13waup5,confusion,1,gemini_adjudication,Describing one's brain freezing and feeling overwhelmed indicates mental paralysis and severe uncertainty.,C,AGREE,NO_VALID_CORE_SUPPORT,DEFINED_OPPOSING_CATEGORY
HUM-A3-02,R3-093,surprise,HUM,human-consen-dba19b7c1e,admiration;joy,2,gemini_adjudication,The writer explicitly notes feeling respect and admiration for others while expressing overall happiness about meeting new people.,C,AGREE,NO_VALID_CORE_SUPPORT,UNDEFINED_OR_MIXED
COSO-1b0bc737ba2aa053c025e1b0f761f928_yesterday_cov_1,R3-100,disappointment,COSO,cosowell-author:1b0bc737ba2aa053c025e1b0f761f928,annoyance;caring,2,gemini_adjudication,The writer expresses deep concern for her son's bleeding ear while feeling frustrated by repeated overbooked medical facilities.,C,AGREE,NO_VALID_CORE_SUPPORT,DEFINED_OPPOSING_CATEGORY
COSO-f6e8e47a937a426fe965ff423b87ca09_yesterday_cov_2,R3-101,curiosity,COSO,cosowell-author:f6e8e47a937a426fe965ff423b87ca09,,0,gemini_adjudication,"The text is a calm, factual narrative of a routine day reading and writing without expressing notable emotions.",C,AGREE,NO_VALID_CORE_SUPPORT,DEFINED_OPPOSING_CATEGORY
COSO-bc290d47971cdc47dca914a69fbda458_yesterday_cov_1,R3-102,caring,COSO,cosowell-author:bc290d47971cdc47dca914a69fbda458,joy;optimism,2,gemini_adjudication,The writer is cheered up by the sunny weather and feels hopeful and determined about having a productive day ahead.,C,AGREE,NO_VALID_CORE_SUPPORT,UNDEFINED_OR_MIXED
COSO-bc290d47971cdc47dca914a69fbda458_yesterday_cov_1,R3-102,fear,COSO,cosowell-author:bc290d47971cdc47dca914a69fbda458,joy;optimism,2,gemini_adjudication,The writer is cheered up by the sunny weather and feels hopeful and determined about having a productive day ahead.,C,AGREE,NO_VALID_CORE_SUPPORT,DEFINED_OPPOSING_CATEGORY
COSO-13cfd308d3aa35a6df26415afc520626_yesterday_cov_1,R3-106,fear,COSO,cosowell-author:13cfd308d3aa35a6df26415afc520626,caring;joy,2,gemini_adjudication,The writer demonstrates caring by thoughtfully connecting with an isolated neighbor and feels joy from the pleasant interaction.,C,ADJACENT,NO_VALID_CORE_SUPPORT,DEFINED_OPPOSING_CATEGORY
COSO-13cfd308d3aa35a6df26415afc520626_yesterday_cov_1,R3-106,optimism,COSO,cosowell-author:13cfd308d3aa35a6df26415afc520626,caring;joy,2,gemini_adjudication,The writer demonstrates caring by thoughtfully connecting with an isolated neighbor and feels joy from the pleasant interaction.,C,ADJACENT,NO_VALID_CORE_SUPPORT,DEFINED_OPPOSING_CATEGORY
COSO-2e0b9f99405889e17d21d50b5beb950b_yesterday_cov_2,R3-110,caring,COSO,cosowell-author:2e0b9f99405889e17d21d50b5beb950b,fear;gratitude,2,gemini_adjudication,The writer mentions feeling anxious and uneasy about the virus while expressing thankfulness for their husband's support.,C,AGREE,NO_VALID_CORE_SUPPORT,DEFINED_OPPOSING_CATEGORY
COSO-2e0b9f99405889e17d21d50b5beb950b_yesterday_cov_2,R3-110,love,COSO,cosowell-author:2e0b9f99405889e17d21d50b5beb950b,fear;gratitude,2,gemini_adjudication,The writer mentions feeling anxious and uneasy about the virus while expressing thankfulness for their husband's support.,C,AGREE,NO_VALID_CORE_SUPPORT,DEFINED_OPPOSING_CATEGORY
COSO-2e0b9f99405889e17d21d50b5beb950b_yesterday_cov_2,R3-110,optimism,COSO,cosowell-author:2e0b9f99405889e17d21d50b5beb950b,fear;gratitude,2,gemini_adjudication,The writer mentions feeling anxious and uneasy about the virus while expressing thankfulness for their husband's support.,C,ADJACENT,NO_VALID_CORE_SUPPORT,DEFINED_OPPOSING_CATEGORY
COSO-2e0b9f99405889e17d21d50b5beb950b_yesterday_cov_2,R3-110,sadness,COSO,cosowell-author:2e0b9f99405889e17d21d50b5beb950b,fear;gratitude,2,gemini_adjudication,The writer mentions feeling anxious and uneasy about the virus while expressing thankfulness for their husband's support.,C,AGREE,NO_VALID_CORE_SUPPORT,UNDEFINED_OR_MIXED
COSO-fbc07b3645232d4c25730545a6e88752_yesterday_pre_cov_1,R3-114,anger,COSO,cosowell-author:fbc07b3645232d4c25730545a6e88752,annoyance;gratitude,2,gemini_adjudication,The writer expresses frustration over a workplace miscommunication and appreciation for their partner preparing dinner.,C,AGREE,CORE_SUPPORTS,DEFINED_OPPOSING_CATEGORY
COSO-8eab408f95ba80f9394d2dd753d2246a_yesterday_cov_1,R3-115,gratitude,COSO,cosowell-author:8eab408f95ba80f9394d2dd753d2246a,joy;love,2,gemini_adjudication,The writer expresses great joy and deep affection for her sister upon her recovery from COVID-19.,C,AGREE,CORE_SUPPORTS,UNDEFINED_OR_MIXED
COSO-8eab408f95ba80f9394d2dd753d2246a_yesterday_cov_1,R3-115,optimism,COSO,cosowell-author:8eab408f95ba80f9394d2dd753d2246a,joy;love,2,gemini_adjudication,The writer expresses great joy and deep affection for her sister upon her recovery from COVID-19.,C,ADJACENT,NO_VALID_CORE_SUPPORT,UNDEFINED_OR_MIXED
COSO-157797ca3f5b6cef954bb2e1c5362796_yesterday_pre_cov_1,R3-117,caring,COSO,cosowell-author:157797ca3f5b6cef954bb2e1c5362796,disappointment;sadness,2,gemini_adjudication,The writer expresses sadness and disappointment over falling ill and missing out on fun activities with their child.,C,AGREE,CORE_SUPPORTS,UNDEFINED_OR_MIXED
COSO-dce26d5d9f9689927e09abc0e5609b11_yesterday_cov_1,R3-119,caring,COSO,cosowell-author:dce26d5d9f9689927e09abc0e5609b11,love,1,gemini_adjudication,The writer expresses deep affection and warmth toward his wife by planning a thoughtful surprise for her.,C,AGREE,CORE_SUPPORTS,DEFINED_OPPOSING_CATEGORY
COSO-8ada2c17096d1cbe821179b9b1836861_yesterday_cov_3,R3-122,excitement,COSO,cosowell-author:8ada2c17096d1cbe821179b9b1836861,joy;optimism,2,gemini_adjudication,The writer feels delight in their delicious meal and expresses hopeful enthusiasm about embarking on a healthier eating journey.,C,AGREE,NO_VALID_CORE_SUPPORT,DEFINED_OPPOSING_CATEGORY
COSO-9e72032ffe841380742960d7675d4d79_yesterday_cov_1,R3-124,optimism,COSO,cosowell-author:9e72032ffe841380742960d7675d4d79,fear;joy,2,gemini_adjudication,"The writer takes joy in observing their grandson problem-solve, but feels anxious and distressed about how long the pandemic restrictions will last.",C,AGREE,NO_VALID_CORE_SUPPORT,DEFINED_OPPOSING_CATEGORY
COSO-65045d82a586e81adfaba75a879113a6_yesterday_cov_1,R3-127,disappointment,COSO,cosowell-author:65045d82a586e81adfaba75a879113a6,fear;love,2,gemini_adjudication,The writer explicitly states the situation is scary while expressing love for spending time with their grandchildren.,C,AGREE,NO_VALID_CORE_SUPPORT,DEFINED_OPPOSING_CATEGORY
COSO-5472e8a599c5aeb7a7802258ddc02c18_yesterday_cov_1,R3-128,disappointment,COSO,cosowell-author:5472e8a599c5aeb7a7802258ddc02c18,joy,1,gemini_adjudication,The writer describes their morning as pleasant and seeing the new flower as wonderful.,C,ADJACENT,NO_VALID_CORE_SUPPORT,DEFINED_OPPOSING_CATEGORY
COSO-4cb40106745e4c309004db77201bcb78_yesterday_cov_1,R3-130,optimism,COSO,cosowell-author:4cb40106745e4c309004db77201bcb78,,0,gemini_adjudication,The text provides a purely factual update on taking the mother to the doctor and her medical progress.,C,ADJACENT,NO_VALID_CORE_SUPPORT,DEFINED_OPPOSING_CATEGORY
COSO-aeeef2766f7bf9939194f2d6680c5a6b_yesterday_cov_1,R3-132,caring,COSO,cosowell-author:aeeef2766f7bf9939194f2d6680c5a6b,gratitude,1,gemini_adjudication,The writer expresses appreciation and relief when groceries are unexpectedly delivered to them by their neighbor's son.,C,AGREE,CORE_SUPPORTS,UNDEFINED_OR_MIXED
COSO-aeeef2766f7bf9939194f2d6680c5a6b_yesterday_cov_1,R3-132,surprise,COSO,cosowell-author:aeeef2766f7bf9939194f2d6680c5a6b,gratitude,1,gemini_adjudication,The writer expresses appreciation and relief when groceries are unexpectedly delivered to them by their neighbor's son.,C,AGREE,CORE_SUPPORTS,DEFINED_OPPOSING_CATEGORY
COSO-6feffd4ab609d12ca9005b1545e77a3f_yesterday_cov_1,R3-133,love,COSO,cosowell-author:6feffd4ab609d12ca9005b1545e77a3f,caring;gratitude,2,gemini_adjudication,The writer explicitly appreciates receiving feedback from her partner and shows deep care and concern for his feelings.,A,AGREE,CORE_SUPPORTS,SUPPORTS_CONSENSUS
COSO-6feffd4ab609d12ca9005b1545e77a3f_yesterday_cov_1,R3-133,remorse,COSO,cosowell-author:6feffd4ab609d12ca9005b1545e77a3f,caring;gratitude,2,gemini_adjudication,The writer explicitly appreciates receiving feedback from her partner and shows deep care and concern for his feelings.,C,AGREE,NO_VALID_CORE_SUPPORT,DEFINED_OPPOSING_CATEGORY
COSO-d6df48229d76a22ea345bda8c19b0480_yesterday_pre_cov_1,R3-139,joy,COSO,cosowell-author:d6df48229d76a22ea345bda8c19b0480,caring;gratitude,2,gemini_adjudication,The writer expresses gratitude for being alive and shows caring by making chemo hats to help cancer patients.,C,AGREE,NO_VALID_CORE_SUPPORT,DEFINED_OPPOSING_CATEGORY
COSO-d6df48229d76a22ea345bda8c19b0480_yesterday_pre_cov_1,R3-139,sadness,COSO,cosowell-author:d6df48229d76a22ea345bda8c19b0480,caring;gratitude,2,gemini_adjudication,The writer expresses gratitude for being alive and shows caring by making chemo hats to help cancer patients.,C,ADJACENT,NO_VALID_CORE_SUPPORT,UNDEFINED_OR_MIXED
COSO-c85cd5e1bac040f1a43e92f2df2b2c89_yesterday_cov_1,R3-144,fear,COSO,cosowell-author:c85cd5e1bac040f1a43e92f2df2b2c89,excitement;joy,2,gemini_adjudication,The writer expresses joy over a banner day and eager excitement about becoming eligible to sign up for the COVID vaccine.,C,AGREE,CORE_SUPPORTS,DEFINED_OPPOSING_CATEGORY
COSO-b80c460bf7c70fbdb1bac9d45544c55f_yesterday_cov_1,R3-145,disappointment,COSO,cosowell-author:b80c460bf7c70fbdb1bac9d45544c55f,annoyance;remorse,2,gemini_adjudication,"The writer expresses annoyance over the unexpected, costly car repair and remorse for having canceled comprehensive insurance coverage.",C,AGREE,CORE_SUPPORTS,DEFINED_OPPOSING_CATEGORY
COSO-b80c460bf7c70fbdb1bac9d45544c55f_yesterday_cov_1,R3-145,surprise,COSO,cosowell-author:b80c460bf7c70fbdb1bac9d45544c55f,annoyance;remorse,2,gemini_adjudication,"The writer expresses annoyance over the unexpected, costly car repair and remorse for having canceled comprehensive insurance coverage.",C,AGREE,CORE_SUPPORTS,DEFINED_OPPOSING_CATEGORY
COSO-3a1f53ed6a78fc09ce5d14ec71be377e_yesterday_cov_1,R3-150,annoyance,COSO,cosowell-author:3a1f53ed6a78fc09ce5d14ec71be377e,gratitude;joy,2,gemini_adjudication,The writer explicitly feels deeply grateful for where they live and expresses joy as the day turns out very pleasant.,C,AGREE,NO_VALID_CORE_SUPPORT,SUPPORTS_CONSENSUS
COSO-3a1f53ed6a78fc09ce5d14ec71be377e_yesterday_cov_1,R3-150,disappointment,COSO,cosowell-author:3a1f53ed6a78fc09ce5d14ec71be377e,gratitude;joy,2,gemini_adjudication,The writer explicitly feels deeply grateful for where they live and expresses joy as the day turns out very pleasant.,C,AGREE,NO_VALID_CORE_SUPPORT,DEFINED_OPPOSING_CATEGORY
COSO-340e889b46acf7dc2085e48f12550006_yesterday_cov_1,R3-151,caring,COSO,cosowell-author:340e889b46acf7dc2085e48f12550006,gratitude;sadness,2,gemini_adjudication,The writer explicitly expresses sadness over the loneliness of isolation while noting their sister's visit as a saving grace.,C,AGREE,NO_VALID_CORE_SUPPORT,UNDEFINED_OR_MIXED
COSO-010ac94df10cb24ab3b282156ef83714_yesterday_cov_1,R3-160,confusion,COSO,cosowell-author:010ac94df10cb24ab3b282156ef83714,,0,gemini_adjudication,"The author provides a balanced narrative describing the minor ups and downs of an online interview without demonstrating a clear, predominant emotion.",C,AGREE,NO_VALID_CORE_SUPPORT,DEFINED_OPPOSING_CATEGORY
COSO-bb1fc24a099295e3283eb049b39d2a5b_yesterday_cov_1,R3-163,disappointment,COSO,cosowell-author:bb1fc24a099295e3283eb049b39d2a5b,fear;sadness,2,gemini_adjudication,The writer describes feeling depressed and sad about isolation while also experiencing stress and uncertainty from simple tasks.,C,AGREE,CORE_SUPPORTS,DEFINED_OPPOSING_CATEGORY
COSO-a41ce5cd7adf20d40dbfa823d0773062_yesterday_cov_1,R3-165,curiosity,COSO,cosowell-author:a41ce5cd7adf20d40dbfa823d0773062,joy,1,gemini_adjudication,The writer explicitly expresses delight and satisfaction after solving a frustrating technical problem and making progress.,C,AGREE,NO_VALID_CORE_SUPPORT,DEFINED_OPPOSING_CATEGORY
COSO-a41ce5cd7adf20d40dbfa823d0773062_yesterday_cov_1,R3-165,optimism,COSO,cosowell-author:a41ce5cd7adf20d40dbfa823d0773062,joy,1,gemini_adjudication,The writer explicitly expresses delight and satisfaction after solving a frustrating technical problem and making progress.,C,ADJACENT,NO_VALID_CORE_SUPPORT,DEFINED_OPPOSING_CATEGORY
COSO-9b80d45df62dbf0e07a4f47fd9cfe668_yesterday_cov_1,R3-167,amusement,COSO,cosowell-author:9b80d45df62dbf0e07a4f47fd9cfe668,caring;joy,2,gemini_adjudication,The writer shows caring dedication toward her husband with dementia while experiencing joy from her cats and garden.,C,AGREE,NO_VALID_CORE_SUPPORT,UNDEFINED_OR_MIXED
COSO-5a12669dfba65816d8a7d9145dea17d9_yesterday_pre_cov_1,R3-168,fear,COSO,cosowell-author:5a12669dfba65816d8a7d9145dea17d9,joy,1,gemini_adjudication,The writer expresses satisfaction and delight that the battery installation was a successful happy ending.,C,AGREE,NO_VALID_CORE_SUPPORT,DEFINED_OPPOSING_CATEGORY
COSO-f343edd2f7b3d22ed0bdf825eb19e180_yesterday_cov_1,R3-170,curiosity,COSO,cosowell-author:f343edd2f7b3d22ed0bdf825eb19e180,optimism,1,gemini_adjudication,The writer expresses optimism and confidence about tackling future DIY projects after successfully repairing their car mirror.,C,AGREE,NO_VALID_CORE_SUPPORT,DEFINED_OPPOSING_CATEGORY
COSO-85a0b970fca0d544a4abc7d66ac9c4f6_yesterday_cov_2,R3-173,admiration,COSO,cosowell-author:85a0b970fca0d544a4abc7d66ac9c4f6,gratitude;joy,2,gemini_adjudication,"The writer feels joy and gratitude when a considerate neighbor asks for permission to park, which brightens their day.",C,AGREE,CORE_SUPPORTS,DEFINED_OPPOSING_CATEGORY
COSO-85a0b970fca0d544a4abc7d66ac9c4f6_yesterday_cov_2,R3-173,surprise,COSO,cosowell-author:85a0b970fca0d544a4abc7d66ac9c4f6,gratitude;joy,2,gemini_adjudication,"The writer feels joy and gratitude when a considerate neighbor asks for permission to park, which brightens their day.",C,AGREE,CORE_SUPPORTS,UNDEFINED_OR_MIXED
COSO-08a9795ec24cd30492182588cffe2f7f_yesterday_cov_1,R3-174,caring,COSO,cosowell-author:08a9795ec24cd30492182588cffe2f7f,,0,gemini_adjudication,The text offers a factual account of a hallway coffee gathering with neighbors during the pandemic.,C,ADJACENT,NO_VALID_CORE_SUPPORT,DEFINED_OPPOSING_CATEGORY
COSO-912f9c31643c1766503dbceebb48de13_yesterday_cov_1,R3-176,remorse,COSO,cosowell-author:912f9c31643c1766503dbceebb48de13,anger;annoyance,2,gemini_adjudication,The writer expresses anger and annoyance toward shoppers who fail to follow safety rules and act rudely.,C,AGREE,NO_VALID_CORE_SUPPORT,DEFINED_OPPOSING_CATEGORY
COSO-aa0374f55e0e7b04be357dd0283f27b6_yesterday_cov_1,R3-177,surprise,COSO,cosowell-author:aa0374f55e0e7b04be357dd0283f27b6,excitement;joy,2,gemini_adjudication,The writer expresses high-energy joy and excitement describing their fun family trip to the safari park.,C,AGREE,NO_VALID_CORE_SUPPORT,DEFINED_OPPOSING_CATEGORY
COSO-bf620efd66cca628fc597307f3b89016_yesterday_cov_1,R3-181,optimism,COSO,cosowell-author:bf620efd66cca628fc597307f3b89016,,0,exact_gemini_pass_agreement,The writer provides a factual description of their current job duties and roles.,C,ADJACENT,NO_VALID_CORE_SUPPORT,DEFINED_OPPOSING_CATEGORY
PHQ-264,R3-184,sadness,PHQ,reddit:pgrj2r,,0,exact_gemini_pass_agreement,The writer offers a neutral statement about the absence of any emotional event.,C,AGREE,CORE2_UNAVAILABLE,UNDEFINED_OR_MIXED
COSO-37229f987173bc8c4ce74474634a7408_yesterday_cov_1,R3-195,amusement,COSO,cosowell-author:37229f987173bc8c4ce74474634a7408,annoyance,1,exact_gemini_pass_agreement,The writer expresses irritation and frustration at a defiant squirrel disrupting the bird feeder.,C,AGREE,CORE2_UNAVAILABLE,UNDEFINED_OR_MIXED
HUM-COPY-04,R3-201,disappointment,HUM,human-consen-8bc090f139,annoyance,1,exact_gemini_pass_agreement,The writer feels annoyance over the continuously increasing price of petrol compared to last year.,C,ADJACENT,CORE2_UNAVAILABLE,DEFINED_OPPOSING_CATEGORY
COSO-4d443aad7973c07c77597832dc5a7f94_yesterday_cov_2,R3-202,caring,COSO,cosowell-author:4d443aad7973c07c77597832dc5a7f94,optimism,1,exact_gemini_pass_agreement,The writer expresses hopeful expectation that they will receive better care and looks forward to seeing their new doctor.,C,ADJACENT,CORE2_UNAVAILABLE,DEFINED_OPPOSING_CATEGORY
COSO-4d443aad7973c07c77597832dc5a7f94_yesterday_cov_2,R3-202,disappointment,COSO,cosowell-author:4d443aad7973c07c77597832dc5a7f94,optimism,1,exact_gemini_pass_agreement,The writer expresses hopeful expectation that they will receive better care and looks forward to seeing their new doctor.,C,AGREE,CORE2_UNAVAILABLE,DEFINED_OPPOSING_CATEGORY
COSO-e45b361088e919f9c6ce09d2db375c2a_yesterday_cov_1,R3-203,annoyance,COSO,cosowell-author:e45b361088e919f9c6ce09d2db375c2a,fear,1,exact_gemini_pass_agreement,The writer expresses anxiety over severe potential health causes and lingering worry about how much longer the fire smoke will last.,C,AGREE,CORE2_UNAVAILABLE,UNDEFINED_OR_MIXED
COSO-e45b361088e919f9c6ce09d2db375c2a_yesterday_cov_1,R3-203,confusion,COSO,cosowell-author:e45b361088e919f9c6ce09d2db375c2a,fear,1,exact_gemini_pass_agreement,The writer expresses anxiety over severe potential health causes and lingering worry about how much longer the fire smoke will last.,C,AGREE,CORE2_UNAVAILABLE,UNDEFINED_OR_MIXED
COSO-e45b361088e919f9c6ce09d2db375c2a_yesterday_cov_1,R3-203,curiosity,COSO,cosowell-author:e45b361088e919f9c6ce09d2db375c2a,fear,1,exact_gemini_pass_agreement,The writer expresses anxiety over severe potential health causes and lingering worry about how much longer the fire smoke will last.,C,AGREE,CORE2_UNAVAILABLE,DEFINED_OPPOSING_CATEGORY
COSO-a0a5879901081067649d939861d45e72_yesterday_cov_1,R3-204,confusion,COSO,cosowell-author:a0a5879901081067649d939861d45e72,joy,1,exact_gemini_pass_agreement,The writer reflects happily on getting a nice view of the lake and enjoying a beautiful day despite taking a wrong turn.,C,AGREE,CORE2_UNAVAILABLE,DEFINED_OPPOSING_CATEGORY
COSO-a0a5879901081067649d939861d45e72_yesterday_cov_1,R3-204,optimism,COSO,cosowell-author:a0a5879901081067649d939861d45e72,joy,1,exact_gemini_pass_agreement,The writer reflects happily on getting a nice view of the lake and enjoying a beautiful day despite taking a wrong turn.,C,AGREE,CORE2_UNAVAILABLE,UNDEFINED_OR_MIXED
COSO-8aa66b71c7eda7cd51d909be4d9775c7_yesterday_cov_2,R3-207,surprise,COSO,cosowell-author:8aa66b71c7eda7cd51d909be4d9775c7,sadness,1,exact_gemini_pass_agreement,The writer expresses immense sadness over the sudden passing of their father.,C,AGREE,CORE2_UNAVAILABLE,DEFINED_OPPOSING_CATEGORY
COSO-6874c67a46d3a9d9404c474a3897f247_yesterday_cov_1,R3-208,confusion,COSO,cosowell-author:6874c67a46d3a9d9404c474a3897f247,disappointment;optimism,2,exact_gemini_pass_agreement,"The writer feels disappointment over earning very little money for hours of work, yet maintains an optimistic perspective that any earnings are helpful.",C,AGREE,CORE2_UNAVAILABLE,DEFINED_OPPOSING_CATEGORY
COSO-26b790951132edfbd1acab353bae999f_yesterday_pre_cov_1,R3-209,anger,COSO,cosowell-author:26b790951132edfbd1acab353bae999f,annoyance;joy,2,exact_gemini_pass_agreement,"The writer expresses annoyance regarding a lying cousin and political news, but finds joy in enjoying a good book and movie that ended their day on a high note.",C,AGREE,CORE2_UNAVAILABLE,UNDEFINED_OR_MIXED
COSO-26b790951132edfbd1acab353bae999f_yesterday_pre_cov_1,R3-209,confusion,COSO,cosowell-author:26b790951132edfbd1acab353bae999f,annoyance;joy,2,exact_gemini_pass_agreement,"The writer expresses annoyance regarding a lying cousin and political news, but finds joy in enjoying a good book and movie that ended their day on a high note.",C,AGREE,CORE2_UNAVAILABLE,DEFINED_OPPOSING_CATEGORY
COSO-26b790951132edfbd1acab353bae999f_yesterday_pre_cov_1,R3-209,curiosity,COSO,cosowell-author:26b790951132edfbd1acab353bae999f,annoyance;joy,2,exact_gemini_pass_agreement,"The writer expresses annoyance regarding a lying cousin and political news, but finds joy in enjoying a good book and movie that ended their day on a high note.",C,AGREE,CORE2_UNAVAILABLE,DEFINED_OPPOSING_CATEGORY
COSO-f2f3c299a8afe50eae7399238ce3b6ed_yesterday_cov_1,R3-210,optimism,COSO,cosowell-author:f2f3c299a8afe50eae7399238ce3b6ed,fear;joy,2,exact_gemini_pass_agreement,The writer notes feeling very nervous about the doctor appointment while feeling happy and relieved to receive good news about recovery.,C,AGREE,CORE2_UNAVAILABLE,UNDEFINED_OR_MIXED
COSO-9f6b239930df1ec9a18ce8de80dc6b7c_yesterday_cov_2,R3-211,disappointment,COSO,cosowell-author:9f6b239930df1ec9a18ce8de80dc6b7c,joy;love,2,exact_gemini_pass_agreement,The writer feels deep affection and joy while tutoring and spending quality daily time with their grandson.,C,AGREE,CORE2_UNAVAILABLE,DEFINED_OPPOSING_CATEGORY
COSO-9f6b239930df1ec9a18ce8de80dc6b7c_yesterday_cov_2,R3-211,sadness,COSO,cosowell-author:9f6b239930df1ec9a18ce8de80dc6b7c,joy;love,2,exact_gemini_pass_agreement,The writer feels deep affection and joy while tutoring and spending quality daily time with their grandson.,C,AGREE,CORE2_UNAVAILABLE,DEFINED_OPPOSING_CATEGORY
COSO-0c1bb0b84d4d018ded94d9bf5b46aeb9_yesterday_pre_cov_1,R3-212,caring,COSO,cosowell-author:0c1bb0b84d4d018ded94d9bf5b46aeb9,fear;sadness,2,exact_gemini_pass_agreement,"The writer states that being alone in the world is a frightening reality and shares deep feelings of grief, loneliness, and depression.",C,ADJACENT,CORE2_UNAVAILABLE,DEFINED_OPPOSING_CATEGORY
COSO-0c1bb0b84d4d018ded94d9bf5b46aeb9_yesterday_pre_cov_1,R3-212,love,COSO,cosowell-author:0c1bb0b84d4d018ded94d9bf5b46aeb9,fear;sadness,2,exact_gemini_pass_agreement,"The writer states that being alone in the world is a frightening reality and shares deep feelings of grief, loneliness, and depression.",C,AGREE,CORE2_UNAVAILABLE,DEFINED_OPPOSING_CATEGORY
HUM-SELF5-04,R3-214,caring,HUM,human-consen-bc775ac659,excitement;love,2,exact_gemini_pass_agreement,The writer explicitly states looking forward to the visit with high anticipation and expresses deep affection for their dad and dog.,C,AGREE,CORE2_UNAVAILABLE,DEFINED_OPPOSING_CATEGORY
HUM-SELF5-04,R3-214,curiosity,HUM,human-consen-bc775ac659,excitement;love,2,exact_gemini_pass_agreement,The writer explicitly states looking forward to the visit with high anticipation and expresses deep affection for their dad and dog.,C,AGREE,CORE2_UNAVAILABLE,DEFINED_OPPOSING_CATEGORY
HUM-SELF5-04,R3-214,sadness,HUM,human-consen-bc775ac659,excitement;love,2,exact_gemini_pass_agreement,The writer explicitly states looking forward to the visit with high anticipation and expresses deep affection for their dad and dog.,C,ADJACENT,CORE2_UNAVAILABLE,DEFINED_OPPOSING_CATEGORY
PHQ-073,R3-215,annoyance,PHQ,reddit:16drpg9,anger;disgust,2,exact_gemini_pass_agreement,The writer explicitly calls the person and situation disgusting while angrily telling them to let it go.,C,ADJACENT,CORE2_UNAVAILABLE,DEFINED_OPPOSING_CATEGORY
COSO-c9d943b4427734e66fce9c9e7722cc67_yesterday_cov_3,R3-217,disappointment,COSO,cosowell-author:c9d943b4427734e66fce9c9e7722cc67,joy;sadness,2,exact_gemini_pass_agreement,The writer describes the interaction with a dear friend as simultaneously heart-warming and heart-breaking.,C,AGREE,CORE2_UNAVAILABLE,DEFINED_OPPOSING_CATEGORY
COSO-c9d943b4427734e66fce9c9e7722cc67_yesterday_cov_3,R3-217,excitement,COSO,cosowell-author:c9d943b4427734e66fce9c9e7722cc67,joy;sadness,2,exact_gemini_pass_agreement,The writer describes the interaction with a dear friend as simultaneously heart-warming and heart-breaking.,C,AGREE,CORE2_UNAVAILABLE,DEFINED_OPPOSING_CATEGORY
COSO-c9d943b4427734e66fce9c9e7722cc67_yesterday_cov_3,R3-217,gratitude,COSO,cosowell-author:c9d943b4427734e66fce9c9e7722cc67,joy;sadness,2,exact_gemini_pass_agreement,The writer describes the interaction with a dear friend as simultaneously heart-warming and heart-breaking.,C,AGREE,CORE2_UNAVAILABLE,DEFINED_OPPOSING_CATEGORY
COSO-c9d943b4427734e66fce9c9e7722cc67_yesterday_cov_3,R3-217,love,COSO,cosowell-author:c9d943b4427734e66fce9c9e7722cc67,joy;sadness,2,exact_gemini_pass_agreement,The writer describes the interaction with a dear friend as simultaneously heart-warming and heart-breaking.,C,AGREE,CORE2_UNAVAILABLE,DEFINED_OPPOSING_CATEGORY
COSO-c9d943b4427734e66fce9c9e7722cc67_yesterday_cov_3,R3-217,optimism,COSO,cosowell-author:c9d943b4427734e66fce9c9e7722cc67,joy;sadness,2,exact_gemini_pass_agreement,The writer describes the interaction with a dear friend as simultaneously heart-warming and heart-breaking.,C,AGREE,CORE2_UNAVAILABLE,DEFINED_OPPOSING_CATEGORY
COSO-1499dbaa62e5c526a1ed07d6f25d86cd_yesterday_cov_1,R3-220,admiration,COSO,cosowell-author:1499dbaa62e5c526a1ed07d6f25d86cd,amusement;joy,2,exact_gemini_pass_agreement,The writer describes summer visits with family as hilarious and expresses happiness for these times.,C,AGREE,CORE2_UNAVAILABLE,DEFINED_OPPOSING_CATEGORY
COSO-1499dbaa62e5c526a1ed07d6f25d86cd_yesterday_cov_1,R3-220,caring,COSO,cosowell-author:1499dbaa62e5c526a1ed07d6f25d86cd,amusement;joy,2,exact_gemini_pass_agreement,The writer describes summer visits with family as hilarious and expresses happiness for these times.,C,AGREE,CORE2_UNAVAILABLE,DEFINED_OPPOSING_CATEGORY
COSO-fbca11f5c24875e88596885e79bcc210_yesterday_cov_1,R3-221,amusement,COSO,cosowell-author:fbca11f5c24875e88596885e79bcc210,caring;joy,2,exact_gemini_pass_agreement,The writer shows thoughtful support by leaving uplifting chalk messages for neighbors and feels delight when seeing their positive reactions.,C,AGREE,CORE2_UNAVAILABLE,UNDEFINED_OR_MIXED
