name,count,changed,beforeNorm,afterNorm,deltaNorm,maxAbsDelta,beforeFinite,afterFinite
classifier.dense.bias,768,768,0.1897205729100642,0.189839575825357,0.001488420735716144,9.745266288518906e-05,True,True
classifier.dense.weight,589824,589813,16.296400247662472,16.295635359996012,0.03793138085133781,0.00010784808546304703,True,True
classifier.out_proj.bias,28,18,0.0546161470185889,0.05468684798056042,0.00021843885046475683,8.98381695151329e-05,True,True
classifier.out_proj.weight,21504,13824,3.804681145791635,3.8048545103063933,0.0058145156305014645,0.00010213162750005722,True,True
roberta.embeddings.LayerNorm.bias,768,768,1.9522530718829563,1.952252192819594,0.001139074801364245,8.608773350715637e-05,True,True
roberta.embeddings.LayerNorm.weight,768,768,9.895881889901089,9.895886973409182,0.000705231636075855,7.241964340209961e-05,True,True
roberta.embeddings.position_embeddings.weight,394752,380898,41.54512016990132,41.545156127593685,0.009674421504106917,8.699775207787752e-05,True,True
roberta.embeddings.token_type_embeddings.weight,768,768,0.05315908852854922,0.053218590206154374,0.001140314581937793,8.623185567557812e-05,True,True
roberta.embeddings.word_embeddings.weight,38603520,5421497,818.3146293561687,818.3146284476495,0.027208465717399172,8.699775207787752e-05,True,True
roberta.encoder.layer.0.attention.output.LayerNorm.bias,768,768,5.39782669785073,5.397824619327055,0.0011081391361735511,8.469820022583008e-05,True,True
roberta.encoder.layer.0.attention.output.LayerNorm.weight,768,766,16.952476387042477,16.95250974432747,0.0006599904086660623,6.979703903198242e-05,True,True
roberta.encoder.layer.0.attention.output.dense.bias,768,768,2.3979350894961415,2.397992390934632,0.0011108416643459923,8.512288331985474e-05,True,True
roberta.encoder.layer.0.attention.output.dense.weight,589824,589804,29.345972530713595,29.345969487788516,0.018584537265398975,9.242072701454163e-05,True,True
roberta.encoder.layer.0.attention.self.key.bias,768,768,0.022830859266768474,0.02283087286434625,1.5945367453342199e-06,5.594920367002487e-07,True,True
roberta.encoder.layer.0.attention.self.key.weight,589824,589729,77.21003449018832,77.21004626635953,0.013376237269085512,7.297098636627197e-05,True,True
roberta.encoder.layer.0.attention.self.query.bias,768,768,9.37989401625187,9.379905419252417,0.0006015625146269328,6.789714097976685e-05,True,True
roberta.encoder.layer.0.attention.self.query.weight,589824,589729,77.98801946480432,77.98804708798991,0.01322568772893519,7.542967796325684e-05,True,True
roberta.encoder.layer.0.attention.self.value.bias,768,768,1.5240321426698316,1.5239814214382892,0.0011029926362173335,8.765608072280884e-05,True,True
roberta.encoder.layer.0.attention.self.value.weight,589824,589798,29.19867832709851,29.198729245967257,0.01871479991588903,9.057670831680298e-05,True,True
roberta.encoder.layer.0.intermediate.dense.bias,3072,3071,7.157851324320449,7.157804973038151,0.0015911145398371488,8.707493543624878e-05,True,True
roberta.encoder.layer.0.intermediate.dense.weight,2359296,2359099,85.54167925055579,85.54165416320522,0.031890807236401926,9.147543460130692e-05,True,True
roberta.encoder.layer.0.output.LayerNorm.bias,768,768,3.5362336868574062,3.5362294294277636,0.0010903001807135767,8.588656783103943e-05,True,True
roberta.encoder.layer.0.output.LayerNorm.weight,768,767,15.931134889081356,15.931136605595777,0.0006896030855996407,8.195638656616211e-05,True,True
roberta.encoder.layer.0.output.dense.bias,768,768,2.2294822626138164,2.229445144259449,0.0010964447753807308,8.809566497802734e-05,True,True
roberta.encoder.layer.0.output.dense.weight,2359296,2359192,69.3104598531664,69.31047474542152,0.04267632755018417,9.433180093765259e-05,True,True
roberta.encoder.layer.1.attention.output.LayerNorm.bias,768,768,4.272314481908381,4.272332796511365,0.0011192457121054714,9.165704250335693e-05,True,True
roberta.encoder.layer.1.attention.output.LayerNorm.weight,768,767,18.742741134681292,18.74278947447735,0.0006920402826023851,7.802248001098633e-05,True,True
roberta.encoder.layer.1.attention.output.dense.bias,768,768,2.4055034230984247,2.40552628718864,0.0011291732964410993,9.185820817947388e-05,True,True
roberta.encoder.layer.1.attention.output.dense.weight,589824,589799,29.114542846100704,29.114547811739715,0.019646954054011064,9.411340579390526e-05,True,True
roberta.encoder.layer.1.attention.self.key.bias,768,768,0.04607882052586116,0.04607889086274308,1.1149808604670128e-06,2.849847078323364e-07,True,True
roberta.encoder.layer.1.attention.self.key.weight,589824,589770,56.3189478937228,56.318981479128844,0.013559806114313757,8.278526365756989e-05,True,True
roberta.encoder.layer.1.attention.self.query.bias,768,768,6.729191574466549,6.729240427934592,0.0006514929159178244,8.368492126464844e-05,True,True
roberta.encoder.layer.1.attention.self.query.weight,589824,589754,57.381492260971,57.38150178256927,0.013575047410981853,8.615106344223022e-05,True,True
roberta.encoder.layer.1.attention.self.value.bias,768,768,0.9871731736222084,0.9871606512739156,0.001082561191222783,8.759461343288422e-05,True,True
roberta.encoder.layer.1.attention.self.value.weight,589824,589806,32.0706798359405,32.070683523546066,0.018429825021565163,9.687617421150208e-05,True,True
roberta.encoder.layer.1.intermediate.dense.bias,3072,3072,6.4829853173925285,6.482899696874876,0.0015449122212070582,8.999370038509369e-05,True,True
roberta.encoder.layer.1.intermediate.dense.weight,2359296,2359120,93.01355702853328,93.01353321858372,0.03148054005900841,9.496882557868958e-05,True,True
roberta.encoder.layer.1.output.LayerNorm.bias,768,768,2.095280471567705,2.0952212300922657,0.0011432116371726934,9.222328662872314e-05,True,True
roberta.encoder.layer.1.output.LayerNorm.weight,768,766,17.72857523898558,17.728542393551763,0.000733099683041687,7.724761962890625e-05,True,True
roberta.encoder.layer.1.output.dense.bias,768,768,2.0597680771413645,2.059706311173068,0.0011707815593071168,9.076297283172607e-05,True,True
roberta.encoder.layer.1.output.dense.weight,2359296,2359194,72.09737513434223,72.09739988226355,0.042656364279366206,9.63364727795124e-05,True,True
roberta.encoder.layer.10.attention.output.LayerNorm.bias,768,768,2.262770340009875,2.2627101764296955,0.0016317998722279684,9.683147072792053e-05,True,True
roberta.encoder.layer.10.attention.output.LayerNorm.weight,768,768,22.454955877742222,22.454861389907304,0.001361801379566535,9.435415267944336e-05,True,True
roberta.encoder.layer.10.attention.output.dense.bias,768,768,2.1236014528493796,2.1236109970224755,0.001642846502833891,9.736418724060059e-05,True,True
roberta.encoder.layer.10.attention.output.dense.weight,589824,589816,27.47940511764131,27.479433881190793,0.03676676741456224,0.0001042298972606659,True,True
roberta.encoder.layer.10.attention.self.key.bias,768,742,0.5123834962569758,0.5123835266608308,6.553209375445134e-07,1.7543788999319077e-07,True,True
roberta.encoder.layer.10.attention.self.key.weight,589824,589800,49.390068680526745,49.39012817096652,0.025884973415875825,0.00010070018470287323,True,True
roberta.encoder.layer.10.attention.self.query.bias,768,768,4.209308600833092,4.209185232667001,0.0010832943983823987,8.896691724658012e-05,True,True
roberta.encoder.layer.10.attention.self.query.weight,589824,589794,51.21591814419114,51.21596093542613,0.02600531369033183,9.714579209685326e-05,True,True
roberta.encoder.layer.10.attention.self.value.bias,768,768,0.6319246156238258,0.6320399853315983,0.0016677662141867044,9.632948786020279e-05,True,True
roberta.encoder.layer.10.attention.self.value.weight,589824,589814,31.779331614472653,31.779414758664124,0.03709698932895155,0.00010208040475845337,True,True
roberta.encoder.layer.10.intermediate.dense.bias,3072,3072,5.3254836296399075,5.325364305002966,0.002714501614787196,0.00010447204113006592,True,True
roberta.encoder.layer.10.intermediate.dense.weight,2359296,2359246,67.72095747630735,67.72066645246139,0.06414408720883594,0.00010816752910614014,True,True
roberta.encoder.layer.10.output.LayerNorm.bias,768,768,1.6343361318517493,1.6342507909185489,0.0017279999809142292,9.78522002696991e-05,True,True
roberta.encoder.layer.10.output.LayerNorm.weight,768,768,21.999420348947055,21.999461223687394,0.0014090298494894603,9.614229202270508e-05,True,True
roberta.encoder.layer.10.output.dense.bias,768,768,1.5061224220296976,1.5059990612206273,0.0017025506542369662,9.683705866336823e-05,True,True
roberta.encoder.layer.10.output.dense.weight,2359296,2359271,62.89902436551502,62.899238133855505,0.0797808033743084,0.00010590255260467529,True,True
roberta.encoder.layer.11.attention.output.LayerNorm.bias,768,768,2.7388671503748485,2.739303205134562,0.0017260070388726886,9.841471910476685e-05,True,True
roberta.encoder.layer.11.attention.output.LayerNorm.weight,768,768,19.40474695043291,19.404731126328294,0.0014248020021335912,9.751319885253906e-05,True,True
roberta.encoder.layer.11.attention.output.dense.bias,768,768,2.2181516442986116,2.2180310793473326,0.0017101535705989067,9.845569729804993e-05,True,True
roberta.encoder.layer.11.attention.output.dense.weight,589824,589817,29.462892389318927,29.462967215757264,0.04008017282514547,0.00010569393634796143,True,True
roberta.encoder.layer.11.attention.self.key.bias,768,764,0.35938714963942076,0.3593871275490701,1.2524220305043738e-06,2.150627551600337e-07,True,True
roberta.encoder.layer.11.attention.self.key.weight,589824,589788,51.46438611446969,51.46448194144939,0.025284810200677243,9.539909660816193e-05,True,True
roberta.encoder.layer.11.attention.self.query.bias,768,768,3.9453901176093957,3.945160742033793,0.0011226341657045872,9.304285049438477e-05,True,True
roberta.encoder.layer.11.attention.self.query.weight,589824,589788,52.28493520799808,52.28500362371934,0.025401548593655704,9.97595489025116e-05,True,True
roberta.encoder.layer.11.attention.self.value.bias,768,768,0.41801495225147123,0.4181251601387716,0.0017285010379477935,9.889621287584305e-05,True,True
roberta.encoder.layer.11.attention.self.value.weight,589824,589819,35.80550459776372,35.80553474264183,0.039490696743037325,0.00010674446821212769,True,True
roberta.encoder.layer.11.intermediate.dense.bias,3072,3072,4.170698978256931,4.17083392837351,0.002871675065203806,0.0001004151999950409,True,True
roberta.encoder.layer.11.intermediate.dense.weight,2359296,2359230,70.50219324462482,70.50225282566184,0.06874194922892686,0.00010647001909092069,True,True
roberta.encoder.layer.11.output.LayerNorm.bias,768,768,1.4943025336178926,1.4942726090740732,0.0015940573649070573,9.538047015666962e-05,True,True
roberta.encoder.layer.11.output.LayerNorm.weight,768,768,21.709138655602935,21.708676270336053,0.0015061266503768069,9.649991989135742e-05,True,True
roberta.encoder.layer.11.output.dense.bias,768,768,1.5571865960604347,1.5570699759735194,0.0016282320234861682,9.697303175926208e-05,True,True
roberta.encoder.layer.11.output.dense.weight,2359296,2359260,53.73931112485734,53.73907859317292,0.07820188951565324,0.00010570604354143143,True,True
roberta.encoder.layer.2.attention.output.LayerNorm.bias,768,768,3.177171941438613,3.177110891130308,0.0011532495803758748,9.15825366973877e-05,True,True
roberta.encoder.layer.2.attention.output.LayerNorm.weight,768,767,21.47716927856055,21.47721586478516,0.0007554132713632461,8.285045623779297e-05,True,True
roberta.encoder.layer.2.attention.output.dense.bias,768,768,1.9904993039187568,1.990478578161852,0.0011670410244090709,9.236857295036316e-05,True,True
roberta.encoder.layer.2.attention.output.dense.weight,589824,589805,30.60777266164518,30.607806522601436,0.021017223443243426,9.930040687322617e-05,True,True
roberta.encoder.layer.2.attention.self.key.bias,768,768,0.09672100315284626,0.09672101474228124,1.0779583860284609e-06,2.4586915969848633e-07,True,True
roberta.encoder.layer.2.attention.self.key.weight,589824,589772,51.27246833551846,51.27241583692458,0.014330283891170968,8.674245327711105e-05,True,True
roberta.encoder.layer.2.attention.self.query.bias,768,768,4.652303629906589,4.6523229025753645,0.0006926568402782257,8.0108642578125e-05,True,True
roberta.encoder.layer.2.attention.self.query.weight,589824,589775,51.935016377987004,51.93498127696415,0.014397601065314576,8.080154657363892e-05,True,True
roberta.encoder.layer.2.attention.self.value.bias,768,768,0.9149919803394156,0.9149926892284339,0.0010968488776957272,8.993735536932945e-05,True,True
roberta.encoder.layer.2.attention.self.value.weight,589824,589800,35.333589507816384,35.33358683628616,0.01882285317041094,9.262189269065857e-05,True,True
roberta.encoder.layer.2.intermediate.dense.bias,3072,3071,6.807335358083048,6.807359034512123,0.0017015818845723554,9.98564064502716e-05,True,True
roberta.encoder.layer.2.intermediate.dense.weight,2359296,2359115,94.93340184974002,94.93352601881205,0.03325375500814108,0.00010001286864280701,True,True
roberta.encoder.layer.2.output.LayerNorm.bias,768,768,1.76300424882944,1.7632043344101107,0.0012261770781914483,9.198859333992004e-05,True,True
roberta.encoder.layer.2.output.LayerNorm.weight,768,767,18.676792691156006,18.676789855583092,0.0008086330524710571,8.463859558105469e-05,True,True
roberta.encoder.layer.2.output.dense.bias,768,768,2.463692745026087,2.4637467139348126,0.0012360972572730633,9.33036208152771e-05,True,True
roberta.encoder.layer.2.output.dense.weight,2359296,2359213,74.10082671956515,74.10082417676874,0.046891962610496524,9.93143767118454e-05,True,True
roberta.encoder.layer.3.attention.output.LayerNorm.bias,768,768,3.039121177137637,3.0392552551919003,0.0012060328479511768,9.328871965408325e-05,True,True
roberta.encoder.layer.3.attention.output.LayerNorm.weight,768,767,22.184958586729078,22.18495554341068,0.0008334310279573313,9.334087371826172e-05,True,True
roberta.encoder.layer.3.attention.output.dense.bias,768,768,1.9159309643532392,1.9158684721550108,0.0012606915790365884,9.464100003242493e-05,True,True
roberta.encoder.layer.3.attention.output.dense.weight,589824,589802,32.82900957159328,32.829066094109336,0.023575182268446758,9.79062169790268e-05,True,True
roberta.encoder.layer.3.attention.self.key.bias,768,768,0.09675356533244897,0.09675381952787168,1.0215243004332363e-06,2.4586915969848633e-07,True,True
roberta.encoder.layer.3.attention.self.key.weight,589824,589763,53.15255187111954,53.15265719754542,0.014999608144488424,8.277595043182373e-05,True,True
roberta.encoder.layer.3.attention.self.query.bias,768,768,4.516399835767614,4.516361046448202,0.0007190258219730448,7.796287536621094e-05,True,True
roberta.encoder.layer.3.attention.self.query.weight,589824,589770,54.884334598685875,54.88445328304704,0.014969477346980693,8.684396743774414e-05,True,True
roberta.encoder.layer.3.attention.self.value.bias,768,768,0.8808990160560821,0.8810229910945385,0.0012026585874926484,9.113922715187073e-05,True,True
roberta.encoder.layer.3.attention.self.value.weight,589824,589795,35.989560327691684,35.98967354734454,0.021863826994286076,9.659677743911743e-05,True,True
roberta.encoder.layer.3.intermediate.dense.bias,3072,3071,6.485190132226974,6.485267263999225,0.001739556420115602,8.756667375564575e-05,True,True
roberta.encoder.layer.3.intermediate.dense.weight,2359296,2359134,92.86404839409573,92.8640341718533,0.03487652187460057,9.476765990257263e-05,True,True
roberta.encoder.layer.3.output.LayerNorm.bias,768,768,1.8113662833819968,1.8115951547389486,0.0012999909711776936,9.733624756336212e-05,True,True
roberta.encoder.layer.3.output.LayerNorm.weight,768,768,19.05337181351749,19.053386808767065,0.0008741658275854801,9.101629257202148e-05,True,True
roberta.encoder.layer.3.output.dense.bias,768,768,2.339200884519809,2.3392114194008458,0.0013465241830163596,9.728223085403442e-05,True,True
roberta.encoder.layer.3.output.dense.weight,2359296,2359188,72.56595832443342,72.56598375223848,0.049620664292566584,0.0001003490760922432,True,True
roberta.encoder.layer.4.attention.output.LayerNorm.bias,768,768,2.7864404396904234,2.7862137960992435,0.0013341739436786705,9.479373693466187e-05,True,True
roberta.encoder.layer.4.attention.output.LayerNorm.weight,768,768,22.849669156765597,22.849703133424363,0.0009385824227337914,9.28640365600586e-05,True,True
roberta.encoder.layer.4.attention.output.dense.bias,768,768,2.061644648644184,2.061620130035724,0.0013219198515815316,9.440630674362183e-05,True,True
roberta.encoder.layer.4.attention.output.dense.weight,589824,589798,32.409353336329815,32.40938158178276,0.025659741475341488,9.949132800102234e-05,True,True
roberta.encoder.layer.4.attention.self.key.bias,768,768,0.06468997547457042,0.06468991027396068,1.110763206463111e-06,2.1606683731079102e-07,True,True
roberta.encoder.layer.4.attention.self.key.weight,589824,589767,53.997849245365096,53.99790658850277,0.0161113228927167,9.223818778991699e-05,True,True
roberta.encoder.layer.4.attention.self.query.bias,768,768,3.722548063160581,3.72267899662488,0.0008685935974321234,9.036064147949219e-05,True,True
roberta.encoder.layer.4.attention.self.query.weight,589824,589775,56.017400449902794,56.017513386721006,0.016672114019882986,9.630993008613586e-05,True,True
roberta.encoder.layer.4.attention.self.value.bias,768,768,0.6818331115401554,0.6819122407301884,0.0012725418001490586,9.277090430259705e-05,True,True
roberta.encoder.layer.4.attention.self.value.weight,589824,589799,36.775342675430956,36.77537006588619,0.02345772034832918,9.604915976524353e-05,True,True
roberta.encoder.layer.4.intermediate.dense.bias,3072,3072,6.560173552060223,6.5600672558630535,0.001990668186723904,9.903032332658768e-05,True,True
roberta.encoder.layer.4.intermediate.dense.weight,2359296,2359149,87.26926475029698,87.26905865076142,0.03887078556101146,0.00010065827518701553,True,True
roberta.encoder.layer.4.output.LayerNorm.bias,768,768,1.6848988733153967,1.6847787781680343,0.0013410987984509245,9.610503911972046e-05,True,True
roberta.encoder.layer.4.output.LayerNorm.weight,768,767,20.39726068545145,20.397305031704608,0.000996427304972335,9.459257125854492e-05,True,True
roberta.encoder.layer.4.output.dense.bias,768,768,2.1334576220275254,2.133434202634262,0.0013644009958482318,9.511411190032959e-05,True,True
roberta.encoder.layer.4.output.dense.weight,2359296,2359222,67.40205739369279,67.40218093954266,0.05327838762464232,0.00010146223939955235,True,True
roberta.encoder.layer.5.attention.output.LayerNorm.bias,768,768,2.4127048155446715,2.4129427701379464,0.0014473094381966386,9.667128324508667e-05,True,True
roberta.encoder.layer.5.attention.output.LayerNorm.weight,768,767,23.125454368924327,23.125517285118953,0.0010951215610303458,9.60230827331543e-05,True,True
roberta.encoder.layer.5.attention.output.dense.bias,768,768,1.9258606063025805,1.925873693145337,0.0014209033116970202,9.692041203379631e-05,True,True
roberta.encoder.layer.5.attention.output.dense.weight,589824,589813,34.02118306142502,34.02128437887221,0.03031086107670966,0.0001025758683681488,True,True
roberta.encoder.layer.5.attention.self.key.bias,768,767,0.12485285485447627,0.12485275019100261,1.100970050886989e-06,2.421438694000244e-07,True,True
roberta.encoder.layer.5.attention.self.key.weight,589824,589786,50.96595486901131,50.966058855947885,0.017318579950587054,8.477643132209778e-05,True,True
roberta.encoder.layer.5.attention.self.query.bias,768,768,3.5024748926535554,3.5024787687957457,0.0008128385711813634,7.609091699123383e-05,True,True
roberta.encoder.layer.5.attention.self.query.weight,589824,589764,52.795332520683544,52.795450833655174,0.017114816599797578,8.72984528541565e-05,True,True
roberta.encoder.layer.5.attention.self.value.bias,768,768,0.48518936174623595,0.4850989698346748,0.0013697127254585523,9.931623935699463e-05,True,True
roberta.encoder.layer.5.attention.self.value.weight,589824,589799,39.40915483996812,39.40920919522625,0.027389622489092186,0.00010141544044017792,True,True
roberta.encoder.layer.5.intermediate.dense.bias,3072,3072,5.960143181739939,5.9601998966904475,0.0023398022337450977,9.555183351039886e-05,True,True
roberta.encoder.layer.5.intermediate.dense.weight,2359296,2359194,82.32257823913368,82.32267196356877,0.0450565345528461,0.00010170787572860718,True,True
roberta.encoder.layer.5.output.LayerNorm.bias,768,768,1.469334567224201,1.469311890096116,0.0015441337882124574,9.705126285552979e-05,True,True
roberta.encoder.layer.5.output.LayerNorm.weight,768,768,20.322421355911047,20.322354663284706,0.0011908321777299791,9.79304313659668e-05,True,True
roberta.encoder.layer.5.output.dense.bias,768,768,1.9786750254533227,1.9788051330224377,0.0014989530148478045,9.551644325256348e-05,True,True
roberta.encoder.layer.5.output.dense.weight,2359296,2359254,63.37639803363463,63.37639195152227,0.062157798562451995,0.00010323524475097656,True,True
roberta.encoder.layer.6.attention.output.LayerNorm.bias,768,768,2.6613019574321077,2.661013734921161,0.0015364889468270396,9.698420763015747e-05,True,True
roberta.encoder.layer.6.attention.output.LayerNorm.weight,768,766,22.557537491477962,22.557562198723144,0.001233299940386274,9.953975677490234e-05,True,True
roberta.encoder.layer.6.attention.output.dense.bias,768,768,1.9508478841526722,1.950864359685772,0.0015277909295790344,9.764742571860552e-05,True,True
roberta.encoder.layer.6.attention.output.dense.weight,589824,589815,33.81167332248308,33.81175464938484,0.03270718848512893,0.00010141078382730484,True,True
roberta.encoder.layer.6.attention.self.key.bias,768,768,0.2309373756342437,0.23093725550910765,7.406377817744931e-07,1.564621925354004e-07,True,True
roberta.encoder.layer.6.attention.self.key.weight,589824,589790,50.96342967032191,50.96336926236271,0.02022449281322913,9.438768029212952e-05,True,True
roberta.encoder.layer.6.attention.self.query.bias,768,768,2.2180563200260788,2.2181122272233873,0.0009254140388113234,8.341111242771149e-05,True,True
roberta.encoder.layer.6.attention.self.query.weight,589824,589777,52.770950966099115,52.770885395584166,0.020736175122667,9.279698133468628e-05,True,True
roberta.encoder.layer.6.attention.self.value.bias,768,768,0.4898645021778755,0.4898709750246369,0.00153929588980137,9.812694042921066e-05,True,True
roberta.encoder.layer.6.attention.self.value.weight,589824,589809,38.549839584548344,38.54986906162765,0.030499847768275745,0.00010151974856853485,True,True
roberta.encoder.layer.6.intermediate.dense.bias,3072,3072,6.600167251735913,6.600016845997412,0.002454215033072324,9.768828749656677e-05,True,True
roberta.encoder.layer.6.intermediate.dense.weight,2359296,2359188,86.24761329139331,86.24739211994462,0.04850997744278535,0.00010251998901367188,True,True
roberta.encoder.layer.6.output.LayerNorm.bias,768,768,1.3303647388497928,1.3303147996904587,0.0015963156374682378,9.982846677303314e-05,True,True
roberta.encoder.layer.6.output.LayerNorm.weight,768,768,20.489422009193333,20.48946708886039,0.0012382069530887613,0.00010025501251220703,True,True
roberta.encoder.layer.6.output.dense.bias,768,768,1.716585604969686,1.716572562508675,0.0015884614043035702,9.937584400177002e-05,True,True
roberta.encoder.layer.6.output.dense.weight,2359296,2359247,66.67033698504324,66.67041926924722,0.06785106403838603,0.00010323524475097656,True,True
roberta.encoder.layer.7.attention.output.LayerNorm.bias,768,768,2.312459761973202,2.31240073770531,0.0015535792195571223,9.883195161819458e-05,True,True
roberta.encoder.layer.7.attention.output.LayerNorm.weight,768,767,23.152170186893613,23.152181623189552,0.0012269429826700345,0.00010073184967041016,True,True
roberta.encoder.layer.7.attention.output.dense.bias,768,768,1.827508864372481,1.8274957763826,0.0015709035334089824,9.942054748535156e-05,True,True
roberta.encoder.layer.7.attention.output.dense.weight,589824,589813,28.054828730997812,28.054948333525175,0.03269970913862712,0.00010293722152709961,True,True
roberta.encoder.layer.7.attention.self.key.bias,768,763,0.458245930733869,0.4582458908221448,6.03214567598777e-07,1.7881393432617188e-07,True,True
roberta.encoder.layer.7.attention.self.key.weight,589824,589791,55.130936443394674,55.13099291754866,0.021826485413674105,9.43746417760849e-05,True,True
roberta.encoder.layer.7.attention.self.query.bias,768,768,2.4101968648708687,2.4101763393371334,0.0010813523442694476,8.952617645263672e-05,True,True
roberta.encoder.layer.7.attention.self.query.weight,589824,589779,56.71263283226841,56.71269155863666,0.021779491022637626,9.483098983764648e-05,True,True
roberta.encoder.layer.7.attention.self.value.bias,768,768,0.7308883049816415,0.7308616797918392,0.0015650647767569876,9.784242138266563e-05,True,True
roberta.encoder.layer.7.attention.self.value.weight,589824,589812,32.854232006131966,32.85430191171951,0.030335318550821753,0.00010033510625362396,True,True
roberta.encoder.layer.7.intermediate.dense.bias,3072,3072,6.452503331598867,6.452409292655239,0.0024304952211473886,9.444355964660645e-05,True,True
roberta.encoder.layer.7.intermediate.dense.weight,2359296,2359190,86.93330748365956,86.93312242509735,0.049672642586398426,0.000102948397397995,True,True
roberta.encoder.layer.7.output.LayerNorm.bias,768,768,1.2372734043363862,1.237258749358918,0.0016648696791924504,0.00010037235915660858,True,True
roberta.encoder.layer.7.output.LayerNorm.weight,768,767,21.396889449201854,21.396907089541727,0.001300547843315,0.00010007619857788086,True,True
roberta.encoder.layer.7.output.dense.bias,768,768,1.6767765502793641,1.6768151670688276,0.0016283084047327338,0.00010067224502563477,True,True
roberta.encoder.layer.7.output.dense.weight,2359296,2359250,68.44752273992677,68.4475892246032,0.06954505948309851,0.00010323897004127502,True,True
roberta.encoder.layer.8.attention.output.LayerNorm.bias,768,768,2.53077476096694,2.530917499116954,0.0016020628122760837,9.639561176300049e-05,True,True
roberta.encoder.layer.8.attention.output.LayerNorm.weight,768,768,23.539738263917936,23.539665929595195,0.0013047933079671106,9.739398956298828e-05,True,True
roberta.encoder.layer.8.attention.output.dense.bias,768,768,1.8367531927525582,1.8367034680230487,0.001613703566122846,9.696558117866516e-05,True,True
roberta.encoder.layer.8.attention.output.dense.weight,589824,589813,28.140670542718837,28.140738302855258,0.03422466983607351,0.00010186061263084412,True,True
roberta.encoder.layer.8.attention.self.key.bias,768,752,0.5433962471644613,0.5433965520055911,1.8525761544582943e-06,7.301568984985352e-07,True,True
roberta.encoder.layer.8.attention.self.key.weight,589824,589783,50.70852488152692,50.70847696989219,0.023218688865083235,9.880214929580688e-05,True,True
roberta.encoder.layer.8.attention.self.query.bias,768,768,3.1463643449548218,3.1462536187338133,0.0011272969824329272,9.229779243469238e-05,True,True
roberta.encoder.layer.8.attention.self.query.weight,589824,589787,51.86927012697305,51.86922831991887,0.022630901257008437,9.372830390930176e-05,True,True
roberta.encoder.layer.8.attention.self.value.bias,768,768,0.6051477359097784,0.6051708286562872,0.0016086362590749781,9.895139373838902e-05,True,True
roberta.encoder.layer.8.attention.self.value.weight,589824,589815,33.977778119939295,33.97782511104693,0.03272056086525892,0.00010185316205024719,True,True
roberta.encoder.layer.8.intermediate.dense.bias,3072,3072,6.442278171004667,6.4424057552207925,0.002424809808723275,9.991228580474854e-05,True,True
roberta.encoder.layer.8.intermediate.dense.weight,2359296,2359197,84.73598466191285,84.73586581936543,0.0554569509005851,0.00010342337191104889,True,True
roberta.encoder.layer.8.output.LayerNorm.bias,768,768,1.5084332433917245,1.5085408348519818,0.001619431444760204,9.973719716072083e-05,True,True
roberta.encoder.layer.8.output.LayerNorm.weight,768,768,22.234582273533267,22.234580946682343,0.001329827565605418,9.781122207641602e-05,True,True
roberta.encoder.layer.8.output.dense.bias,768,768,1.6572201981343913,1.6572795109901775,0.0016261225007920858,9.742565453052521e-05,True,True
roberta.encoder.layer.8.output.dense.weight,2359296,2359240,68.77886702912726,68.77887622411811,0.06985438792914508,0.00010313466191291809,True,True
roberta.encoder.layer.9.attention.output.LayerNorm.bias,768,768,2.616339599811409,2.616316951901813,0.0016486686520530787,9.694695472717285e-05,True,True
roberta.encoder.layer.9.attention.output.LayerNorm.weight,768,767,23.890083831867713,23.89000894120119,0.0013519522361407706,9.572505950927734e-05,True,True
roberta.encoder.layer.9.attention.output.dense.bias,768,768,2.287656080163849,2.2876194597379773,0.001646257546189243,9.700329974293709e-05,True,True
roberta.encoder.layer.9.attention.output.dense.weight,589824,589818,26.94613970833536,26.94626495167604,0.03610035480164518,0.00010284408926963806,True,True
roberta.encoder.layer.9.attention.self.key.bias,768,749,0.6816492446291478,0.681649164095123,6.506061892875854e-07,1.7136335372924805e-07,True,True
roberta.encoder.layer.9.attention.self.key.weight,589824,589790,49.848896765011276,49.84878521955801,0.02479856646311075,9.912066161632538e-05,True,True
roberta.encoder.layer.9.attention.self.query.bias,768,768,3.398037638627102,3.3980797740464688,0.001102804534756652,8.556526154279709e-05,True,True
roberta.encoder.layer.9.attention.self.query.weight,589824,589788,50.6333283577238,50.633247814236384,0.02422134251740137,9.766221046447754e-05,True,True
roberta.encoder.layer.9.attention.self.value.bias,768,768,0.6942974865385998,0.6944304268016016,0.0015835736024383386,9.79006290435791e-05,True,True
roberta.encoder.layer.9.attention.self.value.weight,589824,589812,31.872033269359736,31.872166470457007,0.03480039881622778,0.00010366085916757584,True,True
roberta.encoder.layer.9.intermediate.dense.bias,3072,3071,5.880017392339436,5.879953137251599,0.002676978253972532,9.897258132696152e-05,True,True
roberta.encoder.layer.9.intermediate.dense.weight,2359296,2359216,75.56075869051446,75.56049782494635,0.06121666536355694,0.00010428205132484436,True,True
roberta.encoder.layer.9.output.LayerNorm.bias,768,768,1.547216961071691,1.5472022143666566,0.0016648320676144065,9.768456220626831e-05,True,True
roberta.encoder.layer.9.output.LayerNorm.weight,768,766,22.28579890853151,22.28583149717562,0.0013966566455997813,9.822845458984375e-05,True,True
roberta.encoder.layer.9.output.dense.bias,768,768,1.5482704156404574,1.5481776255838005,0.001678952396274653,9.818375110626221e-05,True,True
roberta.encoder.layer.9.output.dense.weight,2359296,2359255,67.03075123103467,67.03082974497902,0.0767796394388899,0.00010473281145095825,True,True
